t,ref_lin,ref_ang
1748561938.2805536,1.0,0.0
1748561942.5237756,0.0,1.5708
1748561950.7270496,1.0,0.0
