t,ref_lin,ref_ang
1748481972.4157856,1.0,0.0
1748481974.5228558,0.0,1.5708
